id,value,p(s),frequency
0,PedestrianNearby(NO) IsTwoWheelNearby(NO) BlockProgress(INTERSECTION) LanePosition(ALIGNED) NextIntersection(NONE) Velocity(LOW) Rotation(RIGHT) StopAreaNearby(NO) IsZebraNearby(YES) IsTrafficLightNearby(YES) FrontObjects(YES),0.007425742574257425,3
1,PedestrianNearby(NO) IsTwoWheelNearby(NO) BlockProgress(START) LanePosition(ALIGNED) NextIntersection(NONE) Velocity(STOPPED) Rotation(RIGHT) StopAreaNearby(NO) IsZebraNearby(YES) IsTrafficLightNearby(YES) FrontObjects(YES),0.03712871287128713,15
2,PedestrianNearby(NO) IsTwoWheelNearby(NO) BlockProgress(INTERSECTION) LanePosition(ALIGNED) NextIntersection(NONE) Velocity(LOW) Rotation(FORWARD) StopAreaNearby(NO) IsZebraNearby(YES) IsTrafficLightNearby(NO) FrontObjects(NO),0.0024752475247524753,1
3,PedestrianNearby(NO) IsTwoWheelNearby(NO) BlockProgress(INTERSECTION) LanePosition(ALIGNED) NextIntersection(NONE) Velocity(LOW) Rotation(RIGHT) StopAreaNearby(NO) IsZebraNearby(YES) IsTrafficLightNearby(YES) FrontObjects(NO),0.0049504950495049506,2
4,PedestrianNearby(NO) IsTwoWheelNearby(NO) BlockProgress(END) LanePosition(ALIGNED) NextIntersection(STRAIGHT) Velocity(MEDIUM) Rotation(RIGHT) StopAreaNearby(NO) IsZebraNearby(NO) IsTrafficLightNearby(NO) FrontObjects(YES),0.0024752475247524753,1
5,PedestrianNearby(NO) IsTwoWheelNearby(NO) BlockProgress(INTERSECTION) LanePosition(ALIGNED) NextIntersection(NONE) Velocity(LOW) Rotation(FORWARD) StopAreaNearby(NO) IsZebraNearby(YES) IsTrafficLightNearby(YES) FrontObjects(NO),0.009900990099009901,4
6,PedestrianNearby(NO) IsTwoWheelNearby(NO) BlockProgress(START) LanePosition(ALIGNED) NextIntersection(NONE) Velocity(LOW) Rotation(RIGHT) StopAreaNearby(NO) IsZebraNearby(YES) IsTrafficLightNearby(YES) FrontObjects(NO),0.0049504950495049506,2
7,PedestrianNearby(NO) IsTwoWheelNearby(NO) BlockProgress(END) LanePosition(ALIGNED) NextIntersection(STRAIGHT) Velocity(MEDIUM) Rotation(FORWARD) StopAreaNearby(NO) IsZebraNearby(YES) IsTrafficLightNearby(NO) FrontObjects(YES),0.009900990099009901,4
8,PedestrianNearby(NO) IsTwoWheelNearby(NO) BlockProgress(INTERSECTION) LanePosition(ALIGNED) NextIntersection(NONE) Velocity(MEDIUM) Rotation(RIGHT) StopAreaNearby(NO) IsZebraNearby(YES) IsTrafficLightNearby(NO) FrontObjects(NO),0.0024752475247524753,1
9,PedestrianNearby(NO) IsTwoWheelNearby(NO) BlockProgress(START) LanePosition(ALIGNED) NextIntersection(NONE) Velocity(STOPPED) Rotation(RIGHT) StopAreaNearby(NO) IsZebraNearby(YES) IsTrafficLightNearby(YES) FrontObjects(NO),0.017326732673267328,7
10,PedestrianNearby(NO) IsTwoWheelNearby(NO) BlockProgress(END) LanePosition(ALIGNED) NextIntersection(STRAIGHT) Velocity(MEDIUM) Rotation(RIGHT) StopAreaNearby(NO) IsZebraNearby(YES) IsTrafficLightNearby(NO) FrontObjects(YES),0.0024752475247524753,1
11,PedestrianNearby(NO) IsTwoWheelNearby(NO) BlockProgress(END) LanePosition(ALIGNED) NextIntersection(STRAIGHT) Velocity(MEDIUM) Rotation(RIGHT) StopAreaNearby(NO) IsZebraNearby(YES) IsTrafficLightNearby(NO) FrontObjects(NO),0.0024752475247524753,1
12,PedestrianNearby(NO) IsTwoWheelNearby(NO) BlockProgress(END) LanePosition(ALIGNED) NextIntersection(STRAIGHT) Velocity(MEDIUM) Rotation(FORWARD) StopAreaNearby(NO) IsZebraNearby(YES) IsTrafficLightNearby(NO) FrontObjects(NO),0.0024752475247524753,1
13,PedestrianNearby(YES) IsTwoWheelNearby(NO) BlockProgress(END) LanePosition(ALIGNED) NextIntersection(NONE) Velocity(STOPPED) Rotation(FORWARD) StopAreaNearby(NO) IsZebraNearby(YES) IsTrafficLightNearby(YES) FrontObjects(NO),0.019801980198019802,8
14,PedestrianNearby(NO) IsTwoWheelNearby(NO) BlockProgress(END) LanePosition(ALIGNED) NextIntersection(NONE) Velocity(STOPPED) Rotation(FORWARD) StopAreaNearby(NO) IsZebraNearby(YES) IsTrafficLightNearby(YES) FrontObjects(NO),0.024752475247524754,10
15,PedestrianNearby(NO) IsTwoWheelNearby(YES) BlockProgress(END) LanePosition(ALIGNED) NextIntersection(NONE) Velocity(STOPPED) Rotation(FORWARD) StopAreaNearby(NO) IsZebraNearby(YES) IsTrafficLightNearby(YES) FrontObjects(NO),0.0049504950495049506,2
16,PedestrianNearby(YES) IsTwoWheelNearby(NO) BlockProgress(END) LanePosition(ALIGNED) NextIntersection(NONE) Velocity(STOPPED) Rotation(FORWARD) StopAreaNearby(NO) IsZebraNearby(YES) IsTrafficLightNearby(YES) FrontObjects(YES),0.03712871287128713,15
17,PedestrianNearby(NO) IsTwoWheelNearby(NO) BlockProgress(END) LanePosition(ALIGNED) NextIntersection(NONE) Velocity(STOPPED) Rotation(FORWARD) StopAreaNearby(NO) IsZebraNearby(YES) IsTrafficLightNearby(YES) FrontObjects(YES),0.01485148514851485,6
18,PedestrianNearby(NO) IsTwoWheelNearby(NO) BlockProgress(INTERSECTION) LanePosition(ALIGNED) NextIntersection(STRAIGHT) Velocity(MEDIUM) Rotation(FORWARD) StopAreaNearby(NO) IsZebraNearby(YES) IsTrafficLightNearby(NO) FrontObjects(NO),0.0024752475247524753,1
19,PedestrianNearby(NO) IsTwoWheelNearby(NO) BlockProgress(MIDDLE) LanePosition(ALIGNED) NextIntersection(NONE) Velocity(HIGH) Rotation(FORWARD) StopAreaNearby(NO) IsZebraNearby(YES) IsTrafficLightNearby(NO) FrontObjects(YES),0.0024752475247524753,1
20,PedestrianNearby(NO) IsTwoWheelNearby(NO) BlockProgress(INTERSECTION) LanePosition(ALIGNED) NextIntersection(NONE) Velocity(HIGH) Rotation(FORWARD) StopAreaNearby(TURN_STOP) IsZebraNearby(YES) IsTrafficLightNearby(NO) FrontObjects(YES),0.0049504950495049506,2
21,PedestrianNearby(NO) IsTwoWheelNearby(NO) BlockProgress(END) LanePosition(ALIGNED) NextIntersection(STRAIGHT) Velocity(HIGH) Rotation(FORWARD) StopAreaNearby(NO) IsZebraNearby(YES) IsTrafficLightNearby(NO) FrontObjects(NO),0.0049504950495049506,2
22,PedestrianNearby(NO) IsTwoWheelNearby(NO) BlockProgress(END) LanePosition(ALIGNED) NextIntersection(NONE) Velocity(HIGH) Rotation(FORWARD) StopAreaNearby(NO) IsZebraNearby(YES) IsTrafficLightNearby(NO) FrontObjects(YES),0.0024752475247524753,1
23,PedestrianNearby(NO) IsTwoWheelNearby(NO) BlockProgress(START) LanePosition(ALIGNED) NextIntersection(NONE) Velocity(HIGH) Rotation(FORWARD) StopAreaNearby(NO) IsZebraNearby(NO) IsTrafficLightNearby(NO) FrontObjects(YES),0.012376237623762377,5
24,PedestrianNearby(NO) IsTwoWheelNearby(NO) BlockProgress(START) LanePosition(ALIGNED) NextIntersection(STRAIGHT) Velocity(MEDIUM) Rotation(FORWARD) StopAreaNearby(NO) IsZebraNearby(NO) IsTrafficLightNearby(NO) FrontObjects(YES),0.0049504950495049506,2
25,PedestrianNearby(NO) IsTwoWheelNearby(NO) BlockProgress(START) LanePosition(ALIGNED) NextIntersection(STRAIGHT) Velocity(HIGH) Rotation(FORWARD) StopAreaNearby(NO) IsZebraNearby(NO) IsTrafficLightNearby(NO) FrontObjects(YES),0.007425742574257425,3
26,PedestrianNearby(NO) IsTwoWheelNearby(NO) BlockProgress(INTERSECTION) LanePosition(ALIGNED) NextIntersection(STRAIGHT) Velocity(HIGH) Rotation(FORWARD) StopAreaNearby(NO) IsZebraNearby(YES) IsTrafficLightNearby(NO) FrontObjects(YES),0.009900990099009901,4
27,PedestrianNearby(NO) IsTwoWheelNearby(NO) BlockProgress(MIDDLE) LanePosition(ALIGNED) NextIntersection(STRAIGHT) Velocity(MEDIUM) Rotation(FORWARD) StopAreaNearby(NO) IsZebraNearby(NO) IsTrafficLightNearby(NO) FrontObjects(NO),0.009900990099009901,4
28,PedestrianNearby(NO) IsTwoWheelNearby(NO) BlockProgress(INTERSECTION) LanePosition(ALIGNED) NextIntersection(STRAIGHT) Velocity(MEDIUM) Rotation(FORWARD) StopAreaNearby(NO) IsZebraNearby(YES) IsTrafficLightNearby(NO) FrontObjects(YES),0.0049504950495049506,2
29,PedestrianNearby(NO) IsTwoWheelNearby(NO) BlockProgress(MIDDLE) LanePosition(ALIGNED) NextIntersection(STRAIGHT) Velocity(HIGH) Rotation(FORWARD) StopAreaNearby(NO) IsZebraNearby(YES) IsTrafficLightNearby(NO) FrontObjects(NO),0.0024752475247524753,1
30,PedestrianNearby(NO) IsTwoWheelNearby(NO) BlockProgress(END) LanePosition(ALIGNED) NextIntersection(STRAIGHT) Velocity(MEDIUM) Rotation(FORWARD) StopAreaNearby(NO) IsZebraNearby(NO) IsTrafficLightNearby(NO) FrontObjects(YES),0.019801980198019802,8
31,PedestrianNearby(NO) IsTwoWheelNearby(NO) BlockProgress(INTERSECTION) LanePosition(ALIGNED) NextIntersection(STRAIGHT) Velocity(MEDIUM) Rotation(FORWARD) StopAreaNearby(NO) IsZebraNearby(NO) IsTrafficLightNearby(NO) FrontObjects(YES),0.0049504950495049506,2
32,PedestrianNearby(NO) IsTwoWheelNearby(NO) BlockProgress(INTERSECTION) LanePosition(ALIGNED) NextIntersection(NONE) Velocity(HIGH) Rotation(FORWARD) StopAreaNearby(TURN_STOP) IsZebraNearby(YES) IsTrafficLightNearby(NO) FrontObjects(NO),0.0024752475247524753,1
33,PedestrianNearby(NO) IsTwoWheelNearby(NO) BlockProgress(INTERSECTION) LanePosition(ALIGNED) NextIntersection(NONE) Velocity(HIGH) Rotation(FORWARD) StopAreaNearby(NO) IsZebraNearby(NO) IsTrafficLightNearby(NO) FrontObjects(YES),0.007425742574257425,3
34,PedestrianNearby(NO) IsTwoWheelNearby(NO) BlockProgress(END) LanePosition(ALIGNED) NextIntersection(STRAIGHT) Velocity(HIGH) Rotation(FORWARD) StopAreaNearby(TURN_STOP) IsZebraNearby(NO) IsTrafficLightNearby(NO) FrontObjects(YES),0.007425742574257425,3
35,PedestrianNearby(YES) IsTwoWheelNearby(NO) BlockProgress(END) LanePosition(ALIGNED) NextIntersection(STRAIGHT) Velocity(HIGH) Rotation(FORWARD) StopAreaNearby(NO) IsZebraNearby(NO) IsTrafficLightNearby(NO) FrontObjects(NO),0.0024752475247524753,1
36,PedestrianNearby(NO) IsTwoWheelNearby(NO) BlockProgress(INTERSECTION) LanePosition(ALIGNED) NextIntersection(STRAIGHT) Velocity(HIGH) Rotation(FORWARD) StopAreaNearby(NO) IsZebraNearby(NO) IsTrafficLightNearby(NO) FrontObjects(YES),0.009900990099009901,4
37,PedestrianNearby(NO) IsTwoWheelNearby(NO) BlockProgress(MIDDLE) LanePosition(ALIGNED) NextIntersection(STRAIGHT) Velocity(MEDIUM) Rotation(FORWARD) StopAreaNearby(NO) IsZebraNearby(NO) IsTrafficLightNearby(NO) FrontObjects(YES),0.0024752475247524753,1
38,PedestrianNearby(NO) IsTwoWheelNearby(NO) BlockProgress(MIDDLE) LanePosition(ALIGNED) NextIntersection(STRAIGHT) Velocity(HIGH) Rotation(FORWARD) StopAreaNearby(NO) IsZebraNearby(NO) IsTrafficLightNearby(NO) FrontObjects(NO),0.03712871287128713,15
39,PedestrianNearby(NO) IsTwoWheelNearby(NO) BlockProgress(END) LanePosition(ALIGNED) NextIntersection(NONE) Velocity(HIGH) Rotation(FORWARD) StopAreaNearby(NO) IsZebraNearby(YES) IsTrafficLightNearby(NO) FrontObjects(NO),0.0024752475247524753,1
40,PedestrianNearby(NO) IsTwoWheelNearby(NO) BlockProgress(MIDDLE) LanePosition(ALIGNED) NextIntersection(STRAIGHT) Velocity(HIGH) Rotation(FORWARD) StopAreaNearby(TURN_STOP) IsZebraNearby(NO) IsTrafficLightNearby(NO) FrontObjects(YES),0.0024752475247524753,1
41,PedestrianNearby(NO) IsTwoWheelNearby(NO) BlockProgress(START) LanePosition(ALIGNED) NextIntersection(STRAIGHT) Velocity(MEDIUM) Rotation(FORWARD) StopAreaNearby(NO) IsZebraNearby(NO) IsTrafficLightNearby(NO) FrontObjects(NO),0.0049504950495049506,2
42,PedestrianNearby(NO) IsTwoWheelNearby(NO) BlockProgress(START) LanePosition(ALIGNED) NextIntersection(STRAIGHT) Velocity(HIGH) Rotation(FORWARD) StopAreaNearby(NO) IsZebraNearby(NO) IsTrafficLightNearby(NO) FrontObjects(NO),0.039603960396039604,16
43,PedestrianNearby(NO) IsTwoWheelNearby(NO) BlockProgress(INTERSECTION) LanePosition(ALIGNED) NextIntersection(STRAIGHT) Velocity(HIGH) Rotation(FORWARD) StopAreaNearby(NO) IsZebraNearby(YES) IsTrafficLightNearby(NO) FrontObjects(NO),0.0024752475247524753,1
44,PedestrianNearby(YES) IsTwoWheelNearby(NO) BlockProgress(END) LanePosition(ALIGNED) NextIntersection(STRAIGHT) Velocity(HIGH) Rotation(RIGHT) StopAreaNearby(NO) IsZebraNearby(YES) IsTrafficLightNearby(YES) FrontObjects(YES),0.0024752475247524753,1
45,PedestrianNearby(NO) IsTwoWheelNearby(NO) BlockProgress(MIDDLE) LanePosition(ALIGNED) NextIntersection(NONE) Velocity(HIGH) Rotation(FORWARD) StopAreaNearby(NO) IsZebraNearby(NO) IsTrafficLightNearby(NO) FrontObjects(NO),0.0024752475247524753,1
46,PedestrianNearby(NO) IsTwoWheelNearby(NO) BlockProgress(START) LanePosition(ALIGNED) NextIntersection(STRAIGHT) Velocity(HIGH) Rotation(FORWARD) StopAreaNearby(NO) IsZebraNearby(NO) IsTrafficLightNearby(YES) FrontObjects(YES),0.0024752475247524753,1
47,PedestrianNearby(NO) IsTwoWheelNearby(NO) BlockProgress(END) LanePosition(ALIGNED) NextIntersection(STRAIGHT) Velocity(LOW) Rotation(FORWARD) StopAreaNearby(NO) IsZebraNearby(NO) IsTrafficLightNearby(NO) FrontObjects(YES),0.022277227722772276,9
48,PedestrianNearby(NO) IsTwoWheelNearby(NO) BlockProgress(END) LanePosition(ALIGNED) NextIntersection(STRAIGHT) Velocity(HIGH) Rotation(RIGHT) StopAreaNearby(NO) IsZebraNearby(NO) IsTrafficLightNearby(YES) FrontObjects(NO),0.0049504950495049506,2
49,PedestrianNearby(NO) IsTwoWheelNearby(NO) BlockProgress(INTERSECTION) LanePosition(ALIGNED) NextIntersection(STRAIGHT) Velocity(HIGH) Rotation(FORWARD) StopAreaNearby(NO) IsZebraNearby(NO) IsTrafficLightNearby(YES) FrontObjects(YES),0.0024752475247524753,1
50,PedestrianNearby(NO) IsTwoWheelNearby(NO) BlockProgress(START) LanePosition(ALIGNED) NextIntersection(NONE) Velocity(MEDIUM) Rotation(FORWARD) StopAreaNearby(NO) IsZebraNearby(NO) IsTrafficLightNearby(NO) FrontObjects(NO),0.012376237623762377,5
51,PedestrianNearby(NO) IsTwoWheelNearby(NO) BlockProgress(END) LanePosition(ALIGNED) NextIntersection(STRAIGHT) Velocity(HIGH) Rotation(FORWARD) StopAreaNearby(NO) IsZebraNearby(NO) IsTrafficLightNearby(NO) FrontObjects(NO),0.03217821782178218,13
52,PedestrianNearby(NO) IsTwoWheelNearby(YES) BlockProgress(INTERSECTION) LanePosition(OPPOSITE) NextIntersection(NONE) Velocity(MEDIUM) Rotation(FORWARD) StopAreaNearby(NO) IsZebraNearby(NO) IsTrafficLightNearby(NO) FrontObjects(NO),0.0024752475247524753,1
53,PedestrianNearby(NO) IsTwoWheelNearby(NO) BlockProgress(END) LanePosition(ALIGNED) NextIntersection(STRAIGHT) Velocity(MEDIUM) Rotation(FORWARD) StopAreaNearby(NO) IsZebraNearby(NO) IsTrafficLightNearby(NO) FrontObjects(NO),0.0049504950495049506,2
54,PedestrianNearby(NO) IsTwoWheelNearby(NO) BlockProgress(END) LanePosition(ALIGNED) NextIntersection(STRAIGHT) Velocity(HIGH) Rotation(FORWARD) StopAreaNearby(NO) IsZebraNearby(YES) IsTrafficLightNearby(YES) FrontObjects(YES),0.0024752475247524753,1
55,PedestrianNearby(NO) IsTwoWheelNearby(NO) BlockProgress(INTERSECTION) LanePosition(ALIGNED) NextIntersection(STRAIGHT) Velocity(MEDIUM) Rotation(FORWARD) StopAreaNearby(NO) IsZebraNearby(NO) IsTrafficLightNearby(NO) FrontObjects(NO),0.009900990099009901,4
56,PedestrianNearby(YES) IsTwoWheelNearby(NO) BlockProgress(END) LanePosition(ALIGNED) NextIntersection(STRAIGHT) Velocity(HIGH) Rotation(FORWARD) StopAreaNearby(NO) IsZebraNearby(YES) IsTrafficLightNearby(NO) FrontObjects(NO),0.0024752475247524753,1
57,PedestrianNearby(NO) IsTwoWheelNearby(NO) BlockProgress(INTERSECTION) LanePosition(ALIGNED) NextIntersection(STRAIGHT) Velocity(LOW) Rotation(FORWARD) StopAreaNearby(NO) IsZebraNearby(NO) IsTrafficLightNearby(NO) FrontObjects(YES),0.0049504950495049506,2
58,PedestrianNearby(NO) IsTwoWheelNearby(NO) BlockProgress(MIDDLE) LanePosition(ALIGNED) NextIntersection(NONE) Velocity(MEDIUM) Rotation(FORWARD) StopAreaNearby(NO) IsZebraNearby(NO) IsTrafficLightNearby(NO) FrontObjects(YES),0.0049504950495049506,2
59,PedestrianNearby(NO) IsTwoWheelNearby(YES) BlockProgress(INTERSECTION) LanePosition(ALIGNED) NextIntersection(NONE) Velocity(MEDIUM) Rotation(FORWARD) StopAreaNearby(NO) IsZebraNearby(NO) IsTrafficLightNearby(NO) FrontObjects(NO),0.0024752475247524753,1
60,PedestrianNearby(NO) IsTwoWheelNearby(NO) BlockProgress(START) LanePosition(ALIGNED) NextIntersection(STRAIGHT) Velocity(MEDIUM) Rotation(LEFT) StopAreaNearby(NO) IsZebraNearby(NO) IsTrafficLightNearby(NO) FrontObjects(YES),0.007425742574257425,3
61,PedestrianNearby(NO) IsTwoWheelNearby(NO) BlockProgress(INTERSECTION) LanePosition(ALIGNED) NextIntersection(NONE) Velocity(HIGH) Rotation(FORWARD) StopAreaNearby(NO) IsZebraNearby(NO) IsTrafficLightNearby(NO) FrontObjects(NO),0.007425742574257425,3
62,PedestrianNearby(NO) IsTwoWheelNearby(NO) BlockProgress(INTERSECTION) LanePosition(ALIGNED) NextIntersection(STRAIGHT) Velocity(MEDIUM) Rotation(LEFT) StopAreaNearby(NO) IsZebraNearby(YES) IsTrafficLightNearby(YES) FrontObjects(YES),0.0049504950495049506,2
63,PedestrianNearby(NO) IsTwoWheelNearby(NO) BlockProgress(END) LanePosition(ALIGNED) NextIntersection(LEFT) Velocity(MEDIUM) Rotation(LEFT) StopAreaNearby(NO) IsZebraNearby(YES) IsTrafficLightNearby(YES) FrontObjects(YES),0.0024752475247524753,1
64,PedestrianNearby(NO) IsTwoWheelNearby(NO) BlockProgress(START) LanePosition(ALIGNED) NextIntersection(STRAIGHT) Velocity(MEDIUM) Rotation(LEFT) StopAreaNearby(NO) IsZebraNearby(NO) IsTrafficLightNearby(NO) FrontObjects(NO),0.0024752475247524753,1
65,PedestrianNearby(NO) IsTwoWheelNearby(NO) BlockProgress(INTERSECTION) LanePosition(ALIGNED) NextIntersection(STRAIGHT) Velocity(HIGH) Rotation(FORWARD) StopAreaNearby(NO) IsZebraNearby(NO) IsTrafficLightNearby(NO) FrontObjects(NO),0.04207920792079208,17
66,PedestrianNearby(NO) IsTwoWheelNearby(NO) BlockProgress(START) LanePosition(ALIGNED) NextIntersection(NONE) Velocity(HIGH) Rotation(FORWARD) StopAreaNearby(NO) IsZebraNearby(NO) IsTrafficLightNearby(NO) FrontObjects(NO),0.0297029702970297,12
67,PedestrianNearby(NO) IsTwoWheelNearby(NO) BlockProgress(INTERSECTION) LanePosition(ALIGNED) NextIntersection(STRAIGHT) Velocity(MEDIUM) Rotation(LEFT) StopAreaNearby(NO) IsZebraNearby(NO) IsTrafficLightNearby(YES) FrontObjects(YES),0.0049504950495049506,2
68,PedestrianNearby(YES) IsTwoWheelNearby(NO) BlockProgress(END) LanePosition(ALIGNED) NextIntersection(LEFT) Velocity(STOPPED) Rotation(FORWARD) StopAreaNearby(NO) IsZebraNearby(YES) IsTrafficLightNearby(YES) FrontObjects(YES),0.007425742574257425,3
69,PedestrianNearby(YES) IsTwoWheelNearby(NO) BlockProgress(END) LanePosition(ALIGNED) NextIntersection(LEFT) Velocity(LOW) Rotation(FORWARD) StopAreaNearby(NO) IsZebraNearby(YES) IsTrafficLightNearby(YES) FrontObjects(YES),0.01485148514851485,6
70,PedestrianNearby(YES) IsTwoWheelNearby(NO) BlockProgress(END) LanePosition(ALIGNED) NextIntersection(LEFT) Velocity(LOW) Rotation(LEFT) StopAreaNearby(NO) IsZebraNearby(YES) IsTrafficLightNearby(YES) FrontObjects(YES),0.0024752475247524753,1
71,PedestrianNearby(NO) IsTwoWheelNearby(NO) BlockProgress(START) LanePosition(ALIGNED) NextIntersection(STRAIGHT) Velocity(HIGH) Rotation(FORWARD) StopAreaNearby(TURN_STOP) IsZebraNearby(NO) IsTrafficLightNearby(NO) FrontObjects(NO),0.0024752475247524753,1
72,PedestrianNearby(YES) IsTwoWheelNearby(NO) BlockProgress(INTERSECTION) LanePosition(ALIGNED) NextIntersection(STRAIGHT) Velocity(LOW) Rotation(LEFT) StopAreaNearby(NO) IsZebraNearby(YES) IsTrafficLightNearby(NO) FrontObjects(YES),0.0049504950495049506,2
73,PedestrianNearby(NO) IsTwoWheelNearby(NO) BlockProgress(INTERSECTION) LanePosition(ALIGNED) NextIntersection(STRAIGHT) Velocity(LOW) Rotation(LEFT) StopAreaNearby(NO) IsZebraNearby(YES) IsTrafficLightNearby(YES) FrontObjects(YES),0.0049504950495049506,2
74,PedestrianNearby(YES) IsTwoWheelNearby(NO) BlockProgress(INTERSECTION) LanePosition(ALIGNED) NextIntersection(STRAIGHT) Velocity(LOW) Rotation(LEFT) StopAreaNearby(NO) IsZebraNearby(YES) IsTrafficLightNearby(YES) FrontObjects(YES),0.0049504950495049506,2
75,PedestrianNearby(NO) IsTwoWheelNearby(YES) BlockProgress(MIDDLE) LanePosition(ALIGNED) NextIntersection(STRAIGHT) Velocity(MEDIUM) Rotation(FORWARD) StopAreaNearby(NO) IsZebraNearby(NO) IsTrafficLightNearby(NO) FrontObjects(YES),0.0024752475247524753,1
76,PedestrianNearby(NO) IsTwoWheelNearby(NO) BlockProgress(INTERSECTION) LanePosition(ALIGNED) NextIntersection(NONE) Velocity(HIGH) Rotation(FORWARD) StopAreaNearby(TURN_STOP) IsZebraNearby(NO) IsTrafficLightNearby(NO) FrontObjects(NO),0.0049504950495049506,2
77,PedestrianNearby(YES) IsTwoWheelNearby(NO) BlockProgress(INTERSECTION) LanePosition(ALIGNED) NextIntersection(STRAIGHT) Velocity(HIGH) Rotation(FORWARD) StopAreaNearby(NO) IsZebraNearby(NO) IsTrafficLightNearby(NO) FrontObjects(NO),0.0024752475247524753,1
78,PedestrianNearby(NO) IsTwoWheelNearby(YES) BlockProgress(START) LanePosition(ALIGNED) NextIntersection(NONE) Velocity(HIGH) Rotation(FORWARD) StopAreaNearby(NO) IsZebraNearby(NO) IsTrafficLightNearby(NO) FrontObjects(NO),0.0024752475247524753,1
79,PedestrianNearby(YES) IsTwoWheelNearby(NO) BlockProgress(END) LanePosition(ALIGNED) NextIntersection(STRAIGHT) Velocity(HIGH) Rotation(FORWARD) StopAreaNearby(NO) IsZebraNearby(NO) IsTrafficLightNearby(NO) FrontObjects(YES),0.0024752475247524753,1
80,PedestrianNearby(NO) IsTwoWheelNearby(NO) BlockProgress(INTERSECTION) LanePosition(ALIGNED) NextIntersection(NONE) Velocity(LOW) Rotation(RIGHT) StopAreaNearby(NO) IsZebraNearby(NO) IsTrafficLightNearby(NO) FrontObjects(NO),0.0049504950495049506,2
81,PedestrianNearby(NO) IsTwoWheelNearby(NO) BlockProgress(INTERSECTION) LanePosition(ALIGNED) NextIntersection(NONE) Velocity(STOPPED) Rotation(RIGHT) StopAreaNearby(NO) IsZebraNearby(NO) IsTrafficLightNearby(NO) FrontObjects(NO),0.034653465346534656,14
82,PedestrianNearby(NO) IsTwoWheelNearby(YES) BlockProgress(INTERSECTION) LanePosition(ALIGNED) NextIntersection(NONE) Velocity(STOPPED) Rotation(RIGHT) StopAreaNearby(NO) IsZebraNearby(NO) IsTrafficLightNearby(NO) FrontObjects(NO),0.0049504950495049506,2
83,PedestrianNearby(NO) IsTwoWheelNearby(NO) BlockProgress(INTERSECTION) LanePosition(ALIGNED) NextIntersection(NONE) Velocity(LOW) Rotation(RIGHT) StopAreaNearby(NO) IsZebraNearby(NO) IsTrafficLightNearby(NO) FrontObjects(YES),0.0049504950495049506,2
84,PedestrianNearby(NO) IsTwoWheelNearby(NO) BlockProgress(INTERSECTION) LanePosition(ALIGNED) NextIntersection(NONE) Velocity(STOPPED) Rotation(RIGHT) StopAreaNearby(NO) IsZebraNearby(NO) IsTrafficLightNearby(NO) FrontObjects(YES),0.04950495049504951,20
85,PedestrianNearby(YES) IsTwoWheelNearby(NO) BlockProgress(START) LanePosition(CENTER) NextIntersection(STRAIGHT) Velocity(HIGH) Rotation(FORWARD) StopAreaNearby(NO) IsZebraNearby(NO) IsTrafficLightNearby(NO) FrontObjects(NO),0.0024752475247524753,1
86,PedestrianNearby(NO) IsTwoWheelNearby(NO) BlockProgress(INTERSECTION) LanePosition(ALIGNED) NextIntersection(STRAIGHT) Velocity(MEDIUM) Rotation(FORWARD) StopAreaNearby(NO) IsZebraNearby(NO) IsTrafficLightNearby(YES) FrontObjects(YES),0.0024752475247524753,1
87,PedestrianNearby(NO) IsTwoWheelNearby(NO) BlockProgress(START) LanePosition(ALIGNED) NextIntersection(STRAIGHT) Velocity(MEDIUM) Rotation(LEFT) StopAreaNearby(STOP) IsZebraNearby(YES) IsTrafficLightNearby(NO) FrontObjects(YES),0.0024752475247524753,1
88,PedestrianNearby(NO) IsTwoWheelNearby(NO) BlockProgress(MIDDLE) LanePosition(CENTER) NextIntersection(STRAIGHT) Velocity(MEDIUM) Rotation(FORWARD) StopAreaNearby(NO) IsZebraNearby(NO) IsTrafficLightNearby(NO) FrontObjects(NO),0.0024752475247524753,1
89,PedestrianNearby(YES) IsTwoWheelNearby(NO) BlockProgress(START) LanePosition(CENTER) NextIntersection(STRAIGHT) Velocity(HIGH) Rotation(FORWARD) StopAreaNearby(NO) IsZebraNearby(NO) IsTrafficLightNearby(NO) FrontObjects(YES),0.0024752475247524753,1
90,PedestrianNearby(NO) IsTwoWheelNearby(NO) BlockProgress(START) LanePosition(ALIGNED) NextIntersection(NONE) Velocity(LOW) Rotation(LEFT) StopAreaNearby(NO) IsZebraNearby(NO) IsTrafficLightNearby(NO) FrontObjects(YES),0.009900990099009901,4
91,PedestrianNearby(NO) IsTwoWheelNearby(NO) BlockProgress(START) LanePosition(ALIGNED) NextIntersection(STRAIGHT) Velocity(MEDIUM) Rotation(LEFT) StopAreaNearby(NO) IsZebraNearby(NO) IsTrafficLightNearby(YES) FrontObjects(YES),0.0024752475247524753,1
92,PedestrianNearby(NO) IsTwoWheelNearby(NO) BlockProgress(INTERSECTION) LanePosition(ALIGNED) NextIntersection(NONE) Velocity(MEDIUM) Rotation(LEFT) StopAreaNearby(STOP) IsZebraNearby(NO) IsTrafficLightNearby(NO) FrontObjects(YES),0.0024752475247524753,1
93,PedestrianNearby(NO) IsTwoWheelNearby(NO) BlockProgress(END) LanePosition(ALIGNED) NextIntersection(STRAIGHT) Velocity(MEDIUM) Rotation(LEFT) StopAreaNearby(STOP) IsZebraNearby(NO) IsTrafficLightNearby(NO) FrontObjects(YES),0.007425742574257425,3
94,PedestrianNearby(NO) IsTwoWheelNearby(NO) BlockProgress(START) LanePosition(CENTER) NextIntersection(STRAIGHT) Velocity(MEDIUM) Rotation(FORWARD) StopAreaNearby(NO) IsZebraNearby(NO) IsTrafficLightNearby(NO) FrontObjects(NO),0.0024752475247524753,1
95,PedestrianNearby(NO) IsTwoWheelNearby(NO) BlockProgress(START) LanePosition(ALIGNED) NextIntersection(STRAIGHT) Velocity(MEDIUM) Rotation(LEFT) StopAreaNearby(NO) IsZebraNearby(YES) IsTrafficLightNearby(YES) FrontObjects(YES),0.0024752475247524753,1
96,PedestrianNearby(NO) IsTwoWheelNearby(NO) BlockProgress(INTERSECTION) LanePosition(ALIGNED) NextIntersection(NONE) Velocity(LOW) Rotation(LEFT) StopAreaNearby(TURN_STOP) IsZebraNearby(NO) IsTrafficLightNearby(NO) FrontObjects(YES),0.0049504950495049506,2
97,PedestrianNearby(NO) IsTwoWheelNearby(NO) BlockProgress(END) LanePosition(ALIGNED) NextIntersection(NONE) Velocity(LOW) Rotation(LEFT) StopAreaNearby(NO) IsZebraNearby(NO) IsTrafficLightNearby(NO) FrontObjects(YES),0.012376237623762377,5
98,PedestrianNearby(YES) IsTwoWheelNearby(NO) BlockProgress(END) LanePosition(ALIGNED) NextIntersection(STRAIGHT) Velocity(MEDIUM) Rotation(LEFT) StopAreaNearby(STOP) IsZebraNearby(YES) IsTrafficLightNearby(NO) FrontObjects(YES),0.0049504950495049506,2
99,PedestrianNearby(NO) IsTwoWheelNearby(NO) BlockProgress(MIDDLE) LanePosition(ALIGNED) NextIntersection(NONE) Velocity(LOW) Rotation(FORWARD) StopAreaNearby(NO) IsZebraNearby(NO) IsTrafficLightNearby(NO) FrontObjects(YES),0.0049504950495049506,2
100,PedestrianNearby(YES) IsTwoWheelNearby(NO) BlockProgress(MIDDLE) LanePosition(ALIGNED) NextIntersection(STRAIGHT) Velocity(MEDIUM) Rotation(LEFT) StopAreaNearby(STOP) IsZebraNearby(YES) IsTrafficLightNearby(NO) FrontObjects(YES),0.007425742574257425,3
101,PedestrianNearby(NO) IsTwoWheelNearby(NO) BlockProgress(MIDDLE) LanePosition(CENTER) NextIntersection(STRAIGHT) Velocity(MEDIUM) Rotation(FORWARD) StopAreaNearby(NO) IsZebraNearby(NO) IsTrafficLightNearby(NO) FrontObjects(YES),0.0024752475247524753,1
102,PedestrianNearby(YES) IsTwoWheelNearby(NO) BlockProgress(INTERSECTION) LanePosition(ALIGNED) NextIntersection(STRAIGHT) Velocity(HIGH) Rotation(FORWARD) StopAreaNearby(NO) IsZebraNearby(NO) IsTrafficLightNearby(NO) FrontObjects(YES),0.0049504950495049506,2
103,PedestrianNearby(NO) IsTwoWheelNearby(NO) BlockProgress(START) LanePosition(ALIGNED) NextIntersection(NONE) Velocity(LOW) Rotation(FORWARD) StopAreaNearby(NO) IsZebraNearby(NO) IsTrafficLightNearby(NO) FrontObjects(YES),0.0049504950495049506,2
104,PedestrianNearby(YES) IsTwoWheelNearby(NO) BlockProgress(INTERSECTION) LanePosition(ALIGNED) NextIntersection(STRAIGHT) Velocity(MEDIUM) Rotation(RIGHT) StopAreaNearby(NO) IsZebraNearby(NO) IsTrafficLightNearby(NO) FrontObjects(NO),0.0024752475247524753,1
105,PedestrianNearby(YES) IsTwoWheelNearby(NO) BlockProgress(INTERSECTION) LanePosition(ALIGNED) NextIntersection(NONE) Velocity(MEDIUM) Rotation(RIGHT) StopAreaNearby(TURN_STOP) IsZebraNearby(NO) IsTrafficLightNearby(NO) FrontObjects(NO),0.0024752475247524753,1
106,PedestrianNearby(NO) IsTwoWheelNearby(NO) BlockProgress(END) LanePosition(ALIGNED) NextIntersection(STRAIGHT) Velocity(MEDIUM) Rotation(RIGHT) StopAreaNearby(TURN_STOP) IsZebraNearby(NO) IsTrafficLightNearby(NO) FrontObjects(NO),0.0049504950495049506,2
107,PedestrianNearby(YES) IsTwoWheelNearby(NO) BlockProgress(START) LanePosition(ALIGNED) NextIntersection(NONE) Velocity(MEDIUM) Rotation(RIGHT) StopAreaNearby(NO) IsZebraNearby(NO) IsTrafficLightNearby(NO) FrontObjects(NO),0.0024752475247524753,1
108,PedestrianNearby(YES) IsTwoWheelNearby(NO) BlockProgress(END) LanePosition(ALIGNED) NextIntersection(RIGHT) Velocity(LOW) Rotation(RIGHT) StopAreaNearby(NO) IsZebraNearby(NO) IsTrafficLightNearby(NO) FrontObjects(NO),0.0024752475247524753,1
109,PedestrianNearby(NO) IsTwoWheelNearby(NO) BlockProgress(INTERSECTION) LanePosition(ALIGNED) NextIntersection(NONE) Velocity(MEDIUM) Rotation(RIGHT) StopAreaNearby(TURN_STOP) IsZebraNearby(NO) IsTrafficLightNearby(NO) FrontObjects(NO),0.0049504950495049506,2
110,PedestrianNearby(YES) IsTwoWheelNearby(NO) BlockProgress(INTERSECTION) LanePosition(ALIGNED) NextIntersection(NONE) Velocity(MEDIUM) Rotation(RIGHT) StopAreaNearby(NO) IsZebraNearby(NO) IsTrafficLightNearby(NO) FrontObjects(NO),0.0024752475247524753,1
111,PedestrianNearby(NO) IsTwoWheelNearby(NO) BlockProgress(START) LanePosition(ALIGNED) NextIntersection(NONE) Velocity(LOW) Rotation(RIGHT) StopAreaNearby(NO) IsZebraNearby(NO) IsTrafficLightNearby(NO) FrontObjects(NO),0.007425742574257425,3
112,PedestrianNearby(NO) IsTwoWheelNearby(NO) BlockProgress(MIDDLE) LanePosition(ALIGNED) NextIntersection(NONE) Velocity(MEDIUM) Rotation(FORWARD) StopAreaNearby(NO) IsZebraNearby(NO) IsTrafficLightNearby(NO) FrontObjects(NO),0.019801980198019802,8
113,PedestrianNearby(NO) IsTwoWheelNearby(NO) BlockProgress(END) LanePosition(ALIGNED) NextIntersection(NONE) Velocity(MEDIUM) Rotation(FORWARD) StopAreaNearby(NO) IsZebraNearby(NO) IsTrafficLightNearby(NO) FrontObjects(NO),0.0024752475247524753,1
114,PedestrianNearby(YES) IsTwoWheelNearby(NO) BlockProgress(INTERSECTION) LanePosition(ALIGNED) NextIntersection(STRAIGHT) Velocity(LOW) Rotation(RIGHT) StopAreaNearby(NO) IsZebraNearby(NO) IsTrafficLightNearby(NO) FrontObjects(NO),0.0024752475247524753,1
115,PedestrianNearby(NO) IsTwoWheelNearby(NO) BlockProgress(END) LanePosition(ALIGNED) NextIntersection(NONE) Velocity(LOW) Rotation(LEFT) StopAreaNearby(NO) IsZebraNearby(NO) IsTrafficLightNearby(NO) FrontObjects(NO),0.012376237623762377,5
116,PedestrianNearby(NO) IsTwoWheelNearby(NO) BlockProgress(END) LanePosition(ALIGNED) NextIntersection(NONE) Velocity(MEDIUM) Rotation(LEFT) StopAreaNearby(NO) IsZebraNearby(NO) IsTrafficLightNearby(NO) FrontObjects(NO),0.009900990099009901,4
117,PedestrianNearby(YES) IsTwoWheelNearby(NO) BlockProgress(MIDDLE) LanePosition(ALIGNED) NextIntersection(STRAIGHT) Velocity(LOW) Rotation(RIGHT) StopAreaNearby(NO) IsZebraNearby(NO) IsTrafficLightNearby(NO) FrontObjects(NO),0.0024752475247524753,1
118,PedestrianNearby(YES) IsTwoWheelNearby(NO) BlockProgress(START) LanePosition(ALIGNED) NextIntersection(STRAIGHT) Velocity(LOW) Rotation(RIGHT) StopAreaNearby(NO) IsZebraNearby(NO) IsTrafficLightNearby(NO) FrontObjects(NO),0.0024752475247524753,1
119,PedestrianNearby(NO) IsTwoWheelNearby(NO) BlockProgress(START) LanePosition(ALIGNED) NextIntersection(NONE) Velocity(MEDIUM) Rotation(RIGHT) StopAreaNearby(NO) IsZebraNearby(NO) IsTrafficLightNearby(NO) FrontObjects(NO),0.01485148514851485,6
120,PedestrianNearby(NO) IsTwoWheelNearby(NO) BlockProgress(END) LanePosition(ALIGNED) NextIntersection(STRAIGHT) Velocity(HIGH) Rotation(FORWARD) StopAreaNearby(NO) IsZebraNearby(NO) IsTrafficLightNearby(YES) FrontObjects(YES),0.0049504950495049506,2
121,PedestrianNearby(NO) IsTwoWheelNearby(NO) BlockProgress(MIDDLE) LanePosition(ALIGNED) NextIntersection(STRAIGHT) Velocity(HIGH) Rotation(FORWARD) StopAreaNearby(NO) IsZebraNearby(NO) IsTrafficLightNearby(NO) FrontObjects(YES),0.0024752475247524753,1
122,PedestrianNearby(NO) IsTwoWheelNearby(NO) BlockProgress(INTERSECTION) LanePosition(ALIGNED) NextIntersection(NONE) Velocity(HIGH) Rotation(FORWARD) StopAreaNearby(NO) IsZebraNearby(YES) IsTrafficLightNearby(YES) FrontObjects(NO),0.0024752475247524753,1
123,PedestrianNearby(NO) IsTwoWheelNearby(NO) BlockProgress(END) LanePosition(ALIGNED) NextIntersection(STRAIGHT) Velocity(HIGH) Rotation(FORWARD) StopAreaNearby(NO) IsZebraNearby(NO) IsTrafficLightNearby(YES) FrontObjects(NO),0.0024752475247524753,1
124,PedestrianNearby(NO) IsTwoWheelNearby(NO) BlockProgress(INTERSECTION) LanePosition(ALIGNED) NextIntersection(NONE) Velocity(HIGH) Rotation(FORWARD) StopAreaNearby(NO) IsZebraNearby(NO) IsTrafficLightNearby(YES) FrontObjects(NO),0.0024752475247524753,1
125,PedestrianNearby(NO) IsTwoWheelNearby(NO) BlockProgress(MIDDLE) LanePosition(ALIGNED) NextIntersection(NONE) Velocity(HIGH) Rotation(FORWARD) StopAreaNearby(NO) IsZebraNearby(NO) IsTrafficLightNearby(NO) FrontObjects(YES),0.0024752475247524753,1
126,PedestrianNearby(NO) IsTwoWheelNearby(NO) BlockProgress(INTERSECTION) LanePosition(ALIGNED) NextIntersection(NONE) Velocity(HIGH) Rotation(FORWARD) StopAreaNearby(NO) IsZebraNearby(YES) IsTrafficLightNearby(NO) FrontObjects(NO),0.0024752475247524753,1
